	preface	INTRODUCTION: AU NOM DE DIEU CLÉMENT ET MISÉRICORDIEUX.
1.2	preface	LOUANGE DE L’INTELLIGENCE
1.3	preface	CRÉATION DU MONDE.
1.5	preface	CRÉATION DE L'HOMME.
1.6	preface	CRÉATION DU SOLEIL.
1.7	preface	CRÉATION DE LA LUNE.
1.8	preface	LOUANGES DU PROPHÈTE (QUE LA GRÂCE DE DIEU SOIT SUR LUI!).
1.10	preface	COMMENT LE LIVRE DES ROIS FUT COMPOSÉ.
1.11	preface	SUR DAKIKI LE POËTE.
1.12	preface	COMMENT LE POËME FUT ENTREPRIS.
1.13	preface	LOUANGE D'ABOU-MANSOUR, FILS DE MOHAMMED.
1.14	preface	LOUANGE DU ROI MAHMOUD.
1.21	1	COMBAT DE SIAMEK AVEC LE DIV, ET MORT DE SIAMEK.
1.23	1	COMBAT DE KAÏOUMORS ET DE HOUSCHENG AVEC LE DIV NOIR.
1.26	2	INTRODUCTION DE LA FÊTE DU FEU.
1.39	4	HISTOIRE DE ZOHAK ET DE SON PÈRE.
1.43	4	IBLIS SE PRÉSENTE COMME CUISINIER.
1.46	4	MORT DE DJEMSCHID.
1.51	5	ZOHAK VOIT FERIDOUN EN RÊVE.
1.56	5	NAISSANCE DE FERIDOUN.
1.59	5	FERIDOUN QUESTIONNE SA MÈRE SUR SON LIGNAGE.
1.61	5	HISTOIRE DE ZOHAK ET DE KAWEH LE FORGERON.
1.68	5	FERIDOUN SE MET EN MARCHE POUR COMBATTRE ZOHAK.
1.72	5	FERIDOUN VOIT LES FILLES DE DJEMSCHID.
1.75	5	CE QUI SE PASSA ENTRE FERIDOUN ET LE LIEUTENANT DE ZOHAK.
1.79	5	FERIDOUN ENCHAÎNE ZOHAK.
1.85	6	AVÉNEMENT DE FERIDOUN AU TRÔNE.
1.88	6	FERIDOUN ENVOIE DJENDIL DANS LE YEMEN.
1.94	6	RÉPONSE QUE LE ROI DE IEMEN DONNE À L’ENVOYÉ DE FERIDOUN.
1.97	6	LES FILS DE FERIDOUN SE RENDENT AUPRÈS DU ROI DE IEMEN.
1.98	6	SERV ESSAYE SA MAGIE CONTRE LES FILS DE FERIDOUN.
1.101	6	FERIDOUN MET SES FILS À L'ÉPREUVE.
1.104	6	FERIDOUN DISTRIBUE LA TERRE ENTRE SES FILS.
1.105	6	JALOUSIE DE SELM CONTRE IREDJ.
1.108	6	MESSAGE DE SELM ET DE TOUR À FERIDOUN.
1.111	6	RÉPONSE DE FERIDOUN À S£S FILS.
1.116	6	IREDJ SE REND AUPRÈS DE SES FRÈRES.
1.119	6	IREDJ EST ASSASSINÉ PAR SES FRÈRES.
1.122	6	FERIDOUN REÇOIT LA NOUVELLE DE LA MORT D’IREDJ.
1.125	6	NAISSANCE D'UNE FILLE D’IREDJ.
1.126	6	NAISSANCE DE MINOUTCHEHR.
1.128	6	SELM ET TOUR ONT NOUVELLE DE MINOUTCHEHR.
1.131	6	LES FILS DE FERIDOUN LUI ENVOIENT UN MESSAGE.
1.132	6	RÉPONSE DE FERIDOUN À SES FILS.
1.139	6	FERIDOUN ENVOIE MINOUTCHEHR POUR COMBATTRE TOUR ET SELY.
1.142	6	MINOUTCHEHR ATTAQUE L'ARMÉE DE TOUR.
1.145	6	TOUR EST TUÉ DE LA MAIN DE MINOUTCHEBR.
1.147	6	MINOUTCHEHR ANNONCE SA VICTOIRE À FERIDOUN.
1.149	6	KAREN PREND LA FORTERESSE DES ALAINS.
1.152	6	ATTAQUE FAITE PAR KAKOUI, PETIT-FILS DE ZOHAK.
1.155	6	SELM S'ENFUIT ET MEURT DE LA MAIN DE MINOUTCHEHR.
1.158	6	MINOUTCHEHR ENVOIE LA TÊTE DE SELM À FERIDOUN.
1.162	6	MORT DE FERIDOUN.
1.167	7	NAISSANCE DE ZAL.
1.171	7	SAM VOIT SON FILS EN SONGE.
1.178	7	MINOUTCHEHR APPREND L’HISTOIRE DE SAM ET DE ZAL-ZER.
1.182	7	RETOUR DE ZAL DANS LE ZABOULISTAN.
1.184	7	SAM CONFIE SON ROYAUME À ZAL.
1.188	7	ZAL VA VISITER MIHRAB, ROI DE KABOUL.
1.192	7	ROUDABEH TIENT CONSBIL AVEC SES ESCLAVES.
1.197	7	LES ESCLAVES DE ROUDABEH VONT VOIR ZAL-ZER.
1.203	7	RETOUR DES ESCLAVES AUPRÈS DE ROUDABEB.
1.206	7	ZAL VA VOIR ROUDABEH.
1.210	7	ZAL CONSULTE LES MOBEDS AU SUJET DE ROUDABEH.
1.214	7	ZAL ÉCRIT À SAM POUR LUI EXPOSER SA POSITION.
1.218	7	SAM CONSULTE LES MOBEDS RELATIVEMENT À ZAL.
1.221	7	SINDOKHT APPREND CE QUE ROUDABEH AVAIT FAIT.
1.225	7	MIHRAB APPREND L'AVENTURE DE SA FILLE.
1.231	7	MINOUTCHENR APPREND L'AVENTURE DE ZAL ET DE ROUDABEH.
1.234	7	SAM VIENT VOIR MINOUTCHEHR.
1.238	7	SAM PART POUR ALLER COMBATTRE MIRRAB.
1.242	7	ZAL VA EN AMBASSADE AUPRÈS DE MINOUTCHEHR.
1.248	7	COLÈRE DE MIHRAB CONTRE SINDOKHT.
1.250	7	SAM CONSOLE SINDOKET.
1.257	7	ZAL PORTE LA LETTRE DE SAM À MINOUTCHEHR.
1.259	7	LES MOBEDS METTENT ZAL À L'ÉPREUVE.
1.261	7	ZAL RÉPOND AUX MOBEDS.
1.264	7	ZAL MONTRE SA PROUESSE DEVANT MINOUTCHEIR.
1.267	7	RÉPONSE DE MINOUTCHEHR À LA LETTRE DE SAM.
1.270	7	ZAL ARRIVE AUPRÈS DE SAM.
1.275	7	NAISSANCE DU FILS DE ZAL.
1.282	7	SAM VA VOIR RUSTEM.
1.286	7	RUSTEM TUE L'ÉLÉPHANT BLANC.
1.291	7	RUSTEM PART POUR LE MONT SIPEND.
1.294	7	RUSTEM ÉCRIT À ZAL POUR LUI ANNONCER SA VICTOIRE.
1.297	7	LETTRE DE ZAL À SAM.
1.298	7	MINOUTCHEHR EXHORTE SON FILS EN MOURANT.
1.302	8	NEWDER MONTE SUR LE TRÔNE.
1.307	8	PESCHENG APPREND LA MORT DE MINOUTCHEHR.
1.311	8	AFRASIAB PART POUR L’IRAN.
1.313	8	COMBAT ENTRE KOBAD ET BARMAN, ET MORT DE KOBAD.
1.318	8	SECOND COMBAT D’AFRASIAB CONTRE NEWDER.
1.321	8	TROISIÈME COMBAT DE NEWDER ET D’AFRASIAB.
1.325	8	NEWDER TOMBE ENTRE LES MAINS D’AFRASIAB.
1.327	8	WISEH TROUVE SON FILS MORT.
1.329	8	EXPÉDITION DE SCHEMASAS ET DE KHAZARWAN DANS LE ZABOULISTAN.
1.331	8	ZAL VIENT EN AIDE À MIHRAB.
1.334	8	AFRASIAB ASSASSINE NEWDER.
1.337	8	ZAL APPREND LA MORT DE NEWDER.
1.342	8	MEURTRE D'AGHRIREZ PAR LA MAIN DE SON FRÈRE.
1.354	10	RUSTEM S’EMPARE DE RAKSCH.
1.357	10	ZAL CONDUIT SON ARMÉE CONTRE AFRASIAB.
1.359	10	RUSTEM AMÈNE KEÏKOBAD DU MONT ALBORZ.
1.369	11	RUSTEM COMBAT AFRASIAB.
1.372	11	AFRASIAB SE REND AUPRÈS DE SON PÈRE.
1.376	11	PESCHENG DEMANDE LA PAIX À KEÏKOBAD.
1.381	11	KEÏKOBAD SE REND À ISTAKHER, DANS LE FARS.
1.391	12	ZAL DONNE CONSEIL À KAOUS.
1.395	12	KAOUS PART POUR LE MAZENDERAN.
1.400	12	MESSAGE DE KAOUS POUR ZAL ET POUR RUSTEM.
1.404	12	Ire AVENTURE. —— RAKSCH COMBAT UN LION.
1.406	12	II° AVENTURE. —— RUSTEM TROUVE UNE SOURCE.
1.409	12	IIIe AVENTURE. —— RUSTEM COMBAT UN DRAGON.
1.412	12	IVe AVENTURE. — RUSTEM TUE UNE MAGICIENNE.
1.414	12	Ve AVENTURE. — AULAD TOMBE AU-POUVOIR DE RUSTE.
1.421	12	VIe AVENTURE. —— COMBAT DE RUSTEM CONTRE LE DIV ARZENG.
1.424	12	VIIe AVENTURE. — RUSTEM TUE LE DIV BLANC.
1.430	12	KAOUS ÉCRIT UNE LETTRE AU ROI DU MAZENDERAN.
1.434	12	RUSTEM VA CHÉZ LE ROI DU MAZENDERAN AVEC UN MESSAGE.
1.439	12	COMBAT DE KAOUS CONTRE LE ROI1 DU MAZENDERAN.
1.448	12	KAOUS RETOURNE DANS L'IRAN ET CONGÉDIE RUSTEM.
1.451	12	guerre contre le roi du <placeName>Hamaveran</placeName>.
2.7	12	<persName>Kaous</persName> demande en mariage <persName>Soudabeh</persName>, fille du roi du <placeName>Hamaveran</placeName>.
2.10	12	le roi du <placeName>Hamaveran</placeName> s’empare de <persName>Kaous</persName>.
2.14	12	<persName>Afrasiab</persName> attaque le pays d’<placeName>Iran</placeName>.
2.17	12	<persName>Rustem</persName> envoie un message au roi du <placeName>Hamaveran</placeName>.
2.21	12	<persName>Rustem</persName> combat les trois rois et délivre <persName>Kaous</persName> de prison.
2.25	12	<persName>Kaous</persName> envoie des messages au <rs type="ruler">Kaïsar</rs> de <placeName>Roum</placeName> et à <persName>Afrasiab</persName>.
2.30	12	<persName>Kaous</persName> rétablit l’ordre dans le monde.
2.31	12	<persName>Kaous</persName> est tenté par <rs type="divinity">Iblis</rs>, et vole vers le ciel.
2.34	12	<persName>Rustem</persName> ramène <persName>Kaous</persName>.
2.38	12	le combat des sept héros.
2.44	12	<persName>Rustem</persName> combat les <rs type="ethnic">Touraniens</rs>.
2.46	12	combat de <persName>Pilsem</persName> contre les <rs type="ethnic">Iraniens</rs>.
2.50	12	combat d’<persName>Alkous</persName>.
2.52	12	<persName>Afrasiab</persName> s’enfuit du champ de bataille.
2.54	12	<xref n="12.3.1"/>commencement du récit.
2.56	12	<persName>Rustem</persName> va à la chasse.
2.58	12	<persName>Rustem</persName> arrive dans la ville de <placeName>Semengan</placeName>.
2.60	12	<persName>Tehmimeh</persName>, fille du roi de <placeName>Semengan</placeName>, va trouver <persName>Rustem</persName>.
2.64	12	naissance de <persName>Sohrab</persName>.
2.66	12	<persName>Sohrab</persName> choisit un cheval.
2.69	12	<persName>Afrasiab</persName> envoie <persName>Bahman</persName> et <persName>Houman</persName> auprès de <persName>Sohrab</persName>.
2.71	12	<persName>Sohrab</persName> arrive au château blanc.
2.73	12	<persName>Sohrab</persName> combat <persName>Gurdaferid</persName>.
2.79	12	lettre de <persName>Guzdehem</persName> à <persName>Kaous</persName>.
2.82	12	<persName>Sohrab</persName> s’empare du château blanc.
2.83	12	<persName>Kaous</persName> écrit à <persName>Rustem</persName> et le fait venir du <placeName>Zaboulistan</placeName>.
2.89	12	<persName>Kaous</persName> se met en colère contre <persName>Rustem</persName>.
2.97	12	<persName>Kaous</persName> et <persName>Rustem</persName> se mettent en campagne.
2.99	12	<persName>Rustem</persName> tue <persName><persName>Zendeh</persName> <persName>Rezm</persName></persName>.
2.103	12	<persName>Sohrab</persName> demande à <persName>Hedjir</persName> les noms des chefs des <rs type="ethnic">Iraniens</rs>.
2.112	12	<persName>Sohrab</persName> attaque l’armée de <persName>Kaous</persName>.
2.117	12	combat de <persName>Rustem</persName> contre <persName>Sohrab</persName>.
2.120	12	<persName>Sohrab</persName> et <persName>Rustem</persName> retournent à leurs camps.
2.126	12	<persName>Sohrab</persName> jette <persName>Rustem</persName> par terre.
2.132	12	<persName>Sohrab</persName> est frappé à mort par <persName>Rustem</persName>.
2.140	12	<persName>Rustem</persName> demande un baume à <persName>Kaous</persName>.
2.141	12	<corr>lamentation</corr> de <persName>Rustem</persName> sur la mort de <persName>Sohrab</persName>.
2.146	12	retour de <persName>Rustem</persName> dans le <placeName>Zaboulistan</placeName>.
2.149	12	la mère de <persName>Sohrab</persName> apprend sa mort.
2.153	12	<xref n="12.4.1"/>commencement du récit.
2.155	12	histoire de la mère de <persName>Siawusch</persName>.
2.158	12	naissance de <persName>Siawusch</persName>.
2.161	12	<persName>Siawusch</persName> revient du <placeName>Zaboulistan</placeName>.
2.163	12	la mère de <persName>Siawusch</persName> meurt.
2.164	12	<persName>Soudabeh</persName> devient amoureuse de <persName>Siawusch</persName>.
2.167	12	<persName>Siawusch</persName> se rend chez <persName>Soudabeh</persName>.
2.172	12	seconde visite de <persName>Siawusch</persName> dans l’appartement des femmes.
2.177	12	troisième visite de <persName>Siawusch</persName> dans l’appartement des femmes.
2.179	12	<persName>Soudabeh</persName> trompe le roi.
2.182	12	<persName>Soudabeh</persName> complote avec une magicienne.
2.184	12	<persName>Kaous</persName> s’informe de l’origine de ces enfants.
2.188	12	<persName>Siawusch</persName> traverse le feu.
2.192	12	<persName>Siawusch</persName> demande à son père la grâce de <persName>Soudabeh</persName>.
2.195	12	<persName>Kaous</persName> apprend qu’ <persName>Afrasiab</persName> s’est mis en marche.
2.198	12	<persName>Siawusch</persName> entre en campagne.
2.201	12	lettre de <persName>Siawusch</persName> à <persName>Kaous</persName>.
2.202	12	réponse de <persName>Kaous</persName> à la lettre de <persName>Siawusch</persName>.
2.205	12	<persName>Afrasiab</persName> à un rève et en est effrayé.
2.207	12	<persName>Afrasiab</persName> fait interpréter son songe.
2.210	12	<persName>Afrasiab</persName> tient conseil avec les grands.
2.213	12	<persName>Guersiwez</persName> arrive auprès de <persName>Siawusch</persName>.
2.215	12	<persName>Siawusch</persName> conclut un traité avec <persName>Afrasiab</persName>.
2.218	12	<persName>Siawusch</persName> envoie <persName>Rustem</persName> auprès de <persName>Kaous</persName>.
2.220	12	<persName>Rustem</persName> rend compte à <persName>Kaous</persName>.
2.224	12	<persName>Kaous</persName> renvoie <persName>Rustem</persName> dans le <placeName>Seïstan</placeName>.
2.225	12	<persName>Kaous</persName> répond à la lettre de <persName>Siawusch</persName>.
2.228	12	<persName>Siawusch</persName> consulte <persName>Bahram</persName> et <persName>Zengueh</persName>.
2.234	12	<persName>Zengueh</persName> se rend auprès d’<persName>Afrasiab</persName>.
2.237	12	lettre d’<persName>Afrasiab</persName> à <persName>Siawusch</persName>.
2.240	12	<persName>Siawusch</persName> cède le commandement à <persName>Bahram</persName>.
2.247	12	entrevue de <persName>Siawusch</persName> et d’<persName>Afrasiab</persName>.
2.250	12	<persName>Siawusch</persName> montre son adresse devant <persName>Afrasiab</persName>.
2.255	12	<persName>Afrasiab</persName> et <persName>Siawusch</persName> vont à la chasse.
2.257	12	<persName>Piran</persName> donne sa fille en mariage à <persName>Siawusch</persName>.
2.259	12	<persName>Piran</persName> parle à <persName>Siawusch</persName> de <persName>Ferenguis</persName>.
2.261	12	<persName>Piran</persName> parle à <persName>Afrasiab</persName>.
2.264	12	fiançailles de <persName>Ferenguis</persName> et de <persName>Siawusch</persName>.
2.267	12	<persName>Afrasiab</persName> donne une province à <persName>Siawusch</persName>.
2.270	12	<persName>Siawusch</persName> bâtit <placeName>Gangdiz</placeName>.
2.274	12	<persName>Siawusch</persName> parle avec <persName>Piran</persName> de son avenir.
2.278	12	<persName>Afrasiab</persName> envoie <persName>Piran</persName> dans les provinces.
2.279	12	<persName>Siawusch</persName> bâtit <placeName>Siawuschguird</placeName>.
2.281	12	<persName>Piran</persName> visite <placeName>Siawuschguird</placeName>.
2.284	12	<persName>Afrasiab</persName> envoie <persName>Guersiwez</persName> auprès de <persName>Siawusch</persName>.
2.286	12	naissance de <persName>Firoud</persName>, fils de <persName>Siawusch</persName>.
2.288	12	<persName>Siawusch</persName> joue à la balle.
2.293	12	<persName>Guersiwez</persName> revient et calomnie <persName>Siawusch</persName> auprès d’<persName>Afrasiab</persName>.
2.299	12	<persName>Guersiwez</persName> retourne auprès de <persName>Siawusch</persName>.
2.307	12	lettre de <persName>Siawusch</persName> à <persName>Afrasiab</persName>.
2.309	12	<persName>Afrasiab</persName> se met en campagne contre <persName>Siawusch</persName>.
2.310	12	<persName>Siawusch</persName> a un songe.
2.312	12	<persName>Siawusch</persName> déclare ses dernières volontés à <persName>Ferenguis</persName>.
2.315	12	<persName>Siawusch</persName> tombe entre les mains d’<persName>Afrasiab</persName>.
2.323	12	<persName>Ferenguis</persName> vient se lamenter devant <persName>Afrasiab</persName>.
2.326	12	meurtre de <persName>Siawusch</persName> par <persName>Gueroui</persName>.
2.330	12	<persName>Piran</persName> délivre <persName>Ferenguis</persName>.
2.333	12	naissance de <persName><roleName>Keï</roleName> Khosrou</persName>.
2.336	12	<persName>Piran</persName> confie le jeune <persName><roleName>Keï</roleName> Khosrou</persName> aux pâtres.
2.339	12	<persName>Piran</persName> mène <persName><roleName>Keï</roleName> Khosrou</persName> auprès d’<persName>Afrasiab</persName>.
2.343	12	<persName><roleName>Keï</roleName> Khosrou</persName> retourne à <placeName>Siawuschguird</placeName>.
2.345	12	<xref n="12.5.1"/>commencement du récit.
2.346	12	<persName>Kaous</persName> apprend le sort de <persName>Siawusch</persName>.
2.347	12	<persName>Rustem</persName> se rend auprès de <persName>Kaous</persName>.
2.349	12	<persName>Rustem</persName> tue <persName>Soudabeh</persName> et entre en campagne.
2.351	12	<persName>Faramourz</persName> tue <persName>Warazad</persName>, roi de <placeName>Sipendjab</placeName>.
2.354	12	<persName>Surkheh</persName> se met en marche contre <persName>Rustem</persName>.
2.359	12	<persName>Afrasiab</persName> se met en campagne pour venger son fils.
2.361	12	<persName>Rustem</persName> tue <persName>Pilsem</persName>.
2.366	12	<persName>Afrasiab</persName> fuit devant <persName>Rustem</persName>.
2.369	12	<persName>Afrasiab</persName> envoie <persName><roleName>Keï</roleName> Khosrou</persName> à <placeName>Khoten</placeName>.
2.372	12	<persName>Rustem</persName> gouverne le <placeName>Touran</placeName> pendant sept ans.
2.374	12	<persName>Zewareh</persName> va voir les réserves de chasse de <persName>Siawusch</persName>.
2.376	12	<persName>Rustem</persName> <corr>dévaste</corr> le <placeName>Touran</placeName>.
2.378	12	<persName>Rustem</persName> retourne dans le pays d’<placeName>Iran</placeName>.
2.380	12	<persName>Gouderz</persName> voit <persName><roleName>Keï</roleName> Khosrou</persName> en songe.
2.383	12	<persName>Guiv</persName> se rend dans le <placeName>Touran</placeName> pour chercher <persName><roleName>Keï</roleName> Khosrou</persName>.
2.387	12	<persName>Guiv</persName> découvre <persName><roleName>Keï</roleName> Khosrou</persName>.
2.393	12	<persName>Guiv</persName> et <persName>Khosrou</persName> se rendent à <placeName>Siawuschguird</placeName>.
2.394	12	<persName><roleName>Keï</roleName> Khosrou</persName> s’empare du cheval <rs type="horse">Behzad</rs>.
2.398	12	<persName>Ferenguis</persName> part pour l’<placeName>Iran</placeName> avec <persName><roleName>Keï</roleName> Khosrou</persName> et <persName>Guiv</persName>.
2.399	12	<persName>Guiv</persName> met en fuite <persName>Kelbad</persName> et <persName>Nestihen</persName>.
2.403	12	<persName>Piran</persName> poursuit <persName><roleName>Keï</roleName> Khosrou</persName>.
2.405	12	combat de <persName>Guiv</persName> et de <persName>Piran</persName>.
2.408	12	<persName>Guiv</persName> fait <persName>Piran</persName> prisonnier.
2.410	12	<persName>Ferenguis</persName> délivre <persName>Piran</persName> des mains de <persName>Guiv</persName>.
2.412	12	<persName>Afrasiab</persName> rencontre <persName>Piran</persName> sur la route.
2.416	12	<persName>Guiv</persName> dispute avec le percepteur du péage.
2.418	12	<persName><roleName>Keï</roleName> Khosrou</persName> passe le <placeName>Djihoun</placeName>.
2.421	12	<persName><roleName>Keï</roleName> Khosrou</persName> arrive à <placeName>Ispahan</placeName>.
2.424	12	<persName><roleName>Keï</roleName> Khosrou</persName> arrive chez <persName>Kaous</persName>.
2.428	12	<persName>Thous</persName> refuse de reconnaître <persName>Khosrou</persName>.
2.431	12	colère de <persName>Gouderz</persName> contre <persName>Thous</persName>.
2.433	12	<persName>Gouderz</persName> et <persName>Thous</persName> font prononcer <persName>Kaous</persName> sur la succession au trône.
2.436	12	<persName>Thous</persName> et <persName>Feribourz</persName> attaquent vainement le château de <persName>Bahman</persName>.
2.437	12	<persName><roleName>Keï</roleName> Khosrou</persName> s’empare du château de <persName>Bahman</persName>.
2.441	12	<persName><roleName>Keï</roleName> Khosrou</persName> revient victorieux.
2.443	12	<persName>Kaous</persName> place <persName>Khosrou</persName> sur le trône.
2.445	13	<xref n="13.1.1"/>commencement du récit.
2.446	13	les grands rendent hommage à <persName><roleName>Keï</roleName> Khosrou</persName>.
2.449	13	<persName><roleName>Keï</roleName> Khosrou</persName> fait le tour de son empire.
2.451	13	<persName><roleName>Keï</roleName> Khosrou</persName> promet à <persName>Kaous</persName> de se venger d’<persName>Afrasiab</persName>.
2.455	13	<persName><roleName>Keï</roleName> Khosrou</persName> passe en revue les <rs type="hero">Pehlewans</rs>.
2.457	13	<persName>Khosrou</persName> distribue des trésors aux <rs type="hero">Pehlewans</rs>.
2.463	13	<persName>Khosrou</persName> envoie <persName>Rustem</persName> dans l’inde.
2.464	13	<persName><roleName>Keï</roleName> Khosrou</persName> organise son armée.
2.472	13	commencement de l’histoire de <persName>Firoud</persName> fils de <persName>Siawusch</persName>.
2.472	13	<persName>Thous</persName> entre dans le pays des turcs.
2.476	13	<persName>Firoud</persName> apprend l’arrivée de <persName>Thous</persName>.
2.480	13	<persName>Firoud</persName> et <placeName>Tokhareh</placeName> vont observer l’armée iranienne.
2.484	13	<persName>Bahram</persName> se rend sur la montagne auprès de <persName>Firoud</persName>.
2.489	13	<persName>Bahram</persName> retourne auprès de <persName>Thous</persName>.
2.491	13	<persName>Firoud</persName> tue <persName>Rivniz</persName>.
2.492	13	<persName>Firoud</persName> tue <persName>Zerasp</persName>.
2.493	13	<persName>Thous</persName> attaque <persName>Firoud</persName>.
2.497	13	combat de <persName>Guiv</persName> et de <persName>Firoud</persName>.
2.501	13	combat de <persName>Bijen</persName> et de <persName>Firoud</persName>.
2.503	13	mort de <persName>Firoud</persName>.
2.508	13	<persName>Djerireh</persName> se tue elle-même.
2.511	13	<persName>Thous</persName> conduit son armée vers le <placeName>Kasehroud</placeName>, et <persName>Bijen</persName> tue <persName>Palaschan</persName>.
2.515	13	les <rs type="ethnic">Iraniens</rs> souffrent de la neige.
2.518	13	<persName>Bahram</persName> fait <persName>Keboudeh</persName> prisonnier.
2.520	13	<persName>Tejaou</persName> combat les <rs type="ethnic">Iraniens</rs>.
2.524	13	<persName>Afrasiab</persName> apprend l’invasion de <persName>Thous</persName>.
2.527	13	<persName>Piran</persName> surprend les <rs type="ethnic">Iraniens</rs> pendant la nuit.
2.531	13	<persName><roleName>Keï</roleName> Khosrou</persName> rappelle <persName>Thous</persName>.
2.535	13	<persName>Feribourz</persName> propose à <persName>Piran</persName> un armistice.
2.538	13	les <rs type="ethnic">Iraniens</rs> sont de nouveau battus par les turcs.
2.546	13	<persName>Bahram</persName> cherche son fouet sur le champ de bataille.
2.550	13	<persName>Tejaou</persName> tue <persName>Bahram</persName>.
2.555	13	<persName>Guiv</persName> met à mort <persName>Tejaou</persName> pour venger <persName>Bahram</persName>.
2.559	13	les <rs type="ethnic">Iraniens</rs> reviennent auprès de <persName>Khosrou</persName>.
2.562	13	COMMENCEMENT DE L’HISTOIRE.
3.1	13	KEÏ KHOSROU FAIT MAUVAIS ACCUEIL À THOUS.
3.5	13	KHOSROU PARDONNE AUX IRANIENS.
3.7	13	KEÏ KHOSROU RENVOIE THOUS DANS LE TOURAN.
3.9	13	PIRAN ENVOIE UN MESSAGE AUX IRANIENS.
3.11	13	AFRASIAB ENVOIE UNE ARMÉE À PIRAN.
3.13	13	THOUS TUE ARJENG.
3.20	13	DEUXIÈME COMBAT ENTRE LES DEUX ARMÉES.
3.25	13	LES TOURANIENS EMPLOIENT LA MAGIE CONTRE LES IRANIENS.
3.30	13	LES IRANIENS SE RETIRENT SUR LE MONT HEMAWEN.
3.32	13	LES TOURANIENS ENTOURENT LE MONT HEMAVWEN.
3.38	13	PIRAN SUIT LES IRANIENS JUSQU’AU MONT HEMAWEN.
3.39	13	LES IRANIENS FONT UNE ATTAQUE DE NUIT.
3.46	13	KEÏ KHOSROU RECOIT DES NOUVELLES DE SON ARMÉE.
3.50	13	FERIBOURZ DEMANDE EN MARIAGE FERENGUIS, LA MÈRE DE KHOSROU.
3.54	13	THOUS VOIT SIAWUSCH EN SONGE.
3.57	13	AFRASIAB ENVOIE LE KHAKAN ET KAMOUS AU SECOURS DE PIRAN.
3.61	13	LE KHAKAN DE LA CHINE S'APPROCHE DU HEMAWEN.
3.63	13	LES IRANIENS TIENNENT CONSEIL SUR LEUR POSITION.
3.64	13	GOUDERZ APPREND QUE RUSTEM S'APPROCHE
3.70	13	LE KHAKAN DE LA CHINE VA RECONNAÎTRE L'ARMÉE DES IRANIENS.
3.73	13	FERIBOURZ ARRIVE AU MONT HEMAWEN.
3.76	13	PIRAN TIENT CONSEIL AVEC LE KHAKAN.
3.80	13	COMBAT DE GUIV ET DE THOUS CONTRE KAMOUS.
3.84	13	RUSTEM ARRIVE AUPRÈS DES IRANIENS.
3.88	13	LES DEUX ARMÉES SE RANGENT EN BATAILLE.
3.93	13	COMBAT DE RUSTEM AVEC ASCHKEBOUS.
3.99	13	PIRAN S'INFORME SI RUSTEM EST ARRIVÉ.
3.103	13	Les Iraniens et les Touraniens forment leur ligne de bataille.
3.105	13	KAMOUS TUE ALWA.
3.107	13	RUSTEM TUE KAMOUS
3.110	13	LE KHAKAN APPREND LA MORT DE KAMOUS.
3.112	13	COMBAT DE DJINGHISCH AVEC RUSTEM.
3.115	13	LE KHAKAN ENVOIE HOUMAN AUPRÈS DE RUSTEM.
3.120	13	PIRAN TIENT CONSEIL AVEC HOUMAN ET LE KHAKAN.
3.122	13	PIRAN SE REND AUPRÈS DE RUSTEM.
3.128	13	LES TOURANIENS TIENNENT CONSEIL.
3.135	13	RUSTEM ADRESSE LA PAROLE À SON ARMÉE.
3.140	13	LES IRANIENS ET LES TOURANIENS FORMENT LEURS RANGS.
3.142	13	RUSTEM FAIT DES REPROCHES À PIRAN.
3.145	13	COMMENCEMENT DU COMBAT.
3.147	13	SCHENKOUL COMBAT RUSTEM ET S’ENFUIT.
3.150	13	COMBAT DE RUSTEM CONTRE SAWEH.
3.152	13	RUSTEM TUE GAHAR DE GAHAN.
3.155	13	LE KHAKAN EST FAIT PRISONNIER.
3.160	13	DÉFAITE DES TOURANIENS.
3.162	13	RUSTEM DISTRIBUE LE BUTIN.
3.169	13	LETTRE DE RUSTEM. À KEÏ KHOSROU.
3.172	13	RÉPONSE DE KEÏ KHOSROU À LA LETTRE DE RUSTEM.
3.175	13	AFRASIAB APPREND LA DÉFAITE DE SON ARMÉE.
3.178	13	COMBAT DE RUSTEM CONTRE KAFOUR LE MANGEUR D'HOMMES.
3.184	13	AFRASIAB REÇOIT DES NOUVELLES DE RUSTEM.
3.193	13	LETTRE D'AFRASIAB À POULADWEND.
3.197	13	COMBAT DE POULADWEND CONTRE THOUS ET GUIV.
3.200	13	COMBAT DE RUSTEM CONTRE POULADWEND.
3.204	13	RUSTEM ET POULADWEND LUTTENT CORPS À CORPS.
3.208	13	AFRASIAB S’ENFUIT DEVANT RUSTEM.
3.210	13	RUSTEM REVIENT À LA COUR DU ROI.
3.214	13	RUSTEM S’EN RETOURNE DANS LE SEISTAN.
3.215	13	<xref n="13.4.1"/>COMMENCEMENT DU RÉCIT.
3.216	13	KHOSROU APPELLE RUSTEM À SON AIDE CONTRE LE DIV AKWAN.
3.219	13	RUSTEM CHERCHE LE DIV.
3.220	13	LE DIV AKWAN JETTE RUSTEM DANS LA MER.
3.224	13	AFRASIAB VIENT VOIR SES CHEVAUX, ET RUSTEM TUE AKWAN.
3.228	13	RETOUR DE RUSTEM DANS L'IRAN.
3.231	13	<xref n="13.5.1"/>COMMENCEMENT DU RÉCIT.
3.234	13	LES IRMANIENS DEMANDENT PROTECTION À KHOSROU.
3.238	13	Bijen va combattre les sangliers.
3.241	13	GOURGUIN TROMPE BLIEN.
3.244	13	BIJEN VA REGARDER MENIJEH FILLE D'AFRASIAB.
3.248	13	BIJEN SE REND À LA TENTE DE MENKJEH.
3.249	13	MENIJEH ENLEVE BIJEN ET L’EMMÈNE DANS SON PALAIS.
3.252	13	GUERSIWEZ AMENE BIJEN DEVANT AFRASIAB.
3.257	13	PIRAN DEMANDE GRÂCE À AFRASIAB POUR LA VIE DE BIEN.
3.262	13	AFRASIAB JETTE BIJEN EN PRISON.
3.264	13	GOURGUIN S’EN RETOURNE DANS L’IRAN, ET FAIT DES MENSONGES SUR BIJEN.
3.270	13	GUIV AMÈNE GOURGUIN DEVANT KHOSROL.
3.274	13	Khosrou voit Bijen dans la coupe qui réfléchit le monde.
3.276	13	KHOSROU ÉCRIT À RUSTEM.
3.279	13	GUIV PORTE À RUSTEM LA LETTRE DE KHOSROU.
3.283	13	RUSTEM DONNE UNE FÊTE À GUIV.
3.285	13	RUSTEM SE REND AUPRES DE KHOSROU.
3.288	13	KEÏ KHOSKOU FÊTE LES PEHLEWANS.
3.292	13	RUSTEM DEMANDE AU ROI LA GRÂCE DE GOURGUIN.
3.295	13	RUSTEM COMPOSE SON CORTÉGE.
3.297	13	RUSTEM SE REND À KHOTEN AUPRÈS DE PIRAN.
3.301	13	MENIJEH VIENT VOIR RUSTEM.
3.304	13	Bijen Devine l’Arrivée de Rustem
3.310	13	RUSTEM TIRE BIJEN DE LA FOSSE.
3.314	13	RUSTEM ATTAQUE DE NUIT LE PALAIS D’AFRASIAB.
3.315	13	AFRASIAB VIENT ATTAQUER RUSTEM.
3.319	13	DÉFAITE D'AFRASIAB.
3.320	13	RETOUR DE RUSTEM AUPRÈS DE KEÏ KHOSROU.
3.324	13	KHOSROU DONNE UNE FÊTE.
3.327	13	<xref n="13.6.1"/>COMMENCEMENT DU RÉCIT.
3.328	13	AFRASIAB RASSEMBLE UNE ARMÉE.
3.331	13	KEÏ KHOSROU ENVOIE GOUDERZ CONTRE LES TOURANIENS.
3.336	13	GUIV PORTE À PIRAN UN MESSAGE DE GOUDERZ.
3.342	13	GUIV VA À WISEHGUIRD POUR VOIR PIRAN.
3.344	13	LES DEUX ARMÉES FORMENT LEUR LIGNE DE BATAILLE.
3.350	13	Bijen Demande à Guiv la Permission de Livrer Bataille.
3.355	13	HOUMAN DEMANDE À PIRAN LA PERMISSION DE COMBATTRE.
3.356	13	HOUMAN DÉFIE REHIHAM AU COMBAT.
3.361	13	HOUMAN PROVOQUE FERIBOURZ AU COMBAT.
3.363	13	HOUMAN PROVOQUE GOUDERZ AU COMBAT.
3.368	13	Bijen apprend ce qu'a fait Houman.
3.374	13	GUIV DONNE À BIJEN LA CUIRASSE DE SIAWUSCH.
3.378	13	HOUMAN VIENT COMBATTRE BIJEN.
3.383	13	HOUMAN EST TUÉ PAR LA MAIN DE BIJEN.
3.386	13	NESTIHEN FAIT UNE ATTAQUE DE NUIT, ET Y PÉRIT.
3.392	13	GOUDERZ DEMANDE DU SECOURS À KHOSROU.
3.395	13	RÉPONSE DE KHOSROU À LA LETTRE DE GOUDERZ
3.400	13	KHOSROU ÉQUIPE UNE ARMÉE.
3.403	13	Lettre de Piran à Gouderz
3.410	13	RÉPONSE DE GOUDERZ À LA LETTRE DE PIRAN.
3.420	13	PIRAN DEMANDE DES SECOURS À AFRASIAB.
3.424	13	RÉPONSE D’AFRASIAB À PIRAN.
3.428	13	BATAILLE RANGÉE ENTRE LES DEUX ARMÉES.
3.433	13	COMBAT DE GUIV ET DE PIRAN. LE CHEVAL DE GUIV S'ARRÊTE.
3.438	13	GOUDERZ ET PIRAN CONVIENNENT DU COMBAT DES ONZE CHAMPIONS.
3.446	13	PLRAN ADRESSE LA PAROLE AUX GRANDS DE SON ARMÉE.
3.449	13	GOUDERZ ET PIRAN CHOISISSENT LES CHAMPIONS.
3.454	13	COMBAT DE FERIBOURZ CONTRE KELBAD.
3.455	13	COMBAT DE GUIV ET DE GUEROUI ZEREH.
3.456	13	COMBAT DE GOURAZEH ET DE SIAMERK.
3.457	13	COMBAT DE FOUROUHIL ET DE ZENGOULEH.
3.457	13	COMBAT DE REUHAM CONTRE BARMAN.
3.459	13	COMBAT DE BIJEN ET DE ROUIN.
3.460	13	COMBAT DE HEDJIR ET DE SIPAHRAM.
3.461	13	COMBAT DE ZENGUER FILS DE SCHAWERAN ET D'AUKHAST.
3.462	13	COMBAT DE GOURGUIN ET D’ANDERIMAN.
3.463	13	COMBAT DE BARTEH AVEC KEHREM.
3.464	13	COMBAT DE GOUDERZ ET DE PIRAN.
3.468	13	GOUDERZ REVIENT AUPRÈS DES CHAMPIONS DE L’IRAN.
3.472	13	LEHHAK ET FERSCHIDWERD SE LAMENTENT SUR LA MORT DE PIRAN.
3.476	13	LEHHAK ET FERSCHIDWERD PARTENT POUR LE TOURAN.
3.479	13	GUSTEHEM POURSUIT LEHHAK ET FEBSCHIDWERD.
3.481	13	BIJEN SUIT LES TRACES DE GUSTEREM.
3.484	13	GUSTEHEM TUE LEHHAK ET FERSCHIDWERD.
3.487	13	BIJEN TROUVE GUSTEHEM COUCHÉ DANS LA PRAIRIE.
3.491	13	KEÏ KHOSROU FAIT CONSTRUIRE UN MAUSOLÉE POUR PIRAN ET LES CHEFS DES TOURANIENS, ET METTRE À MORT GUEROUI ZEREH.
3.496	13	LES TOURANIENS DEMANDENT GRÂCE À KHOSROU.
3.499	13	BIJEN RAMÈNE GUSTEHEM.
3.502	13	LOUANGE DU SULTAN MAHMOUD.
4.6	13	COMMENCEMENT DU RÉCIT. KEÏ KHOSROU RÉUNIT UNE ARMÉE CONTRE AFRASIAB.
4.12	13	AFRASIAB APPREND LA MORT DE PIRAN ET LES PRÉPARATIFS DE GUERRE DE KEÏ KHOSROU.
4.23	13	KEÏ KHOSROU APPREND QU'AFRASIAB S'AVANCE POUR L’ATTAQUER.
4.26	13	PESCHENG SE PRÉSENTE DEVANT SON PÈRE AFRASIAB.
4.30	13	AFRASIAB ENVOIE UN MESSAGE À KEÏ KHOSROU.
4.35	13	KEÏ KHOSROU RÉPOND À AFRASIAB (1).
4.39	13	KEÏ KHOSROU RÉPOND À AFRASIAB (2).
4.42	13	COMBAT DE KHOSROU AVEC SCHIDEH FILS D'AFRASIAB.
4.47	13	KHOSROU TUE SCHIDEH.
4.50	13	COMBAT GÉNÉRAL DES DEUX ARMÉES.
4.58	13	FUITE D'AFRASIAB.
4.61	13	KHOSROU ANNONCE SA VICTOIRE À KAOUS.
4.62	13	AFRASIAB ARRIVE À GANGUE DIZ.
4.64	13	KEÏ KHOSROU PASSE LE DJIHOUN.
4.68	13	SECONDE BATAILLE ENTRE KEÏ KHOSROU ET AFRASIAB.
4.71	13	AFRASIAB SE RÉFUGIE À GANGUI-BEHISCHT.
4.76	13	AFRASIAB ÉCRIT AU FAGHFOUR DE LA CHINE.
4.77	13	KEÏ KHOSROU ARRIVE DEVANT GANGUE.
4.80	13	DJEHN VIENT PORTER UN MESSAGE D’AFRASIAB.
4.83	13	KEÏ KHOSROU RÉPOND À DJEHN.
4.90	13	KEÏ KHOSROU ATTAQUE AFRASIAB ET S’EMPARE DE GANGUE-DIZ.
4.95	13	AFRASIAB S'ENFUIT DE GANGUE
4.97	13	KHOSROU PROTÉGE LES FEMMES D’AFRASIAB.
4.102	13	KEI KHOSROU ADRESSE DES CONSEILS AUX IRANIENS.
4.105	13	LETTRE DE KEÏ KHOSROU À KAOUS POUR LUI ANNONCER SA VICTOIRE.
4.105	13	KHOSROU APPREND QU’AFRASIAB A REJOINT L'ARMÉE DU FAGHFOUR.
4.108	13	LETTRE D’AFRASIAB À KEÏ KHOSROU.
4.111	13	COMBAT ENTRE LES IRANIENS ET LES TOURANIENS.
4.113	13	AFRASIAB FAIT UNE ATTAQUE DE NUIT, ET EST BATTU PAR KEÏ KHOSROU.
4.117	13	LE KHAKAN DE LA CHINE ENVOIE UN AMBASSADEUR À KEÏ KHOSROU.
4.119	13	AFRASIAB PASSE LE LAC DE ZEREH.
4.122	13	KEÏ KHOSROU ENVOIE À KAOUS LES CAPTIFS ET DES PRÉSENTS.
4.128	13	RÉPONSE DE KAOUS À LA LETTRE DE KEÏ KHOSROU.
4.130	13	KEÏ KHOSROU ENVOIE UN MESSAGE AU FAGHFOUR DE LA CHINE ET AU ROI DU MEKRAN.
4.132	13	BATAILLE ENTRE KEÏ KHOSROU ET LE ROI DU MEKRAN: MORT DE CELUI-CI
4.138	13	KEÏ KHOSROU PASSE LA MER DE ZEREH.
4.141	13	KEÏ KHOSROU ARRIVE À GANGUE DIZ.
4.144	13	KHOSROU PART DE GANGUE DIZ ET SE REND À SIAWUSCHGUERD.
4.149	13	KEI KHOSROU S’EN RETOURNE DU TOURAN DANS L'IRAN.
4.151	13	RETOUR DE KEÏ KHOSROU AUPRÈS DE SON GRAND-PÈRE.
4.156	13	AFRASIAB EST PRIS PAR HOUM, DE LA FAMILLE DE FERIDOUN
4.158	13	AFRASIAB ÉCHAPPE À HOUM.
4.162	13	KAOUS ET KHOSROU SE RENDENT AUPRÈS DE HOUM.
4.164	13	AFRASIAB EST PRIS POUR LA SECONDE FOIS ET MIS À MORT AVEC GUERSIWEZ.
4.168	13	KAOUS ET KHOSROU S’EN RETOURNENT DANS LE PAYS DE FARS.
4.169	13	MORT DE KEÏ KAOUS.
4.171	13	KEÏ KHOSROU PREND LA VIE EN DÉGOÛT.
4.175	13	LES GRANDS SE PLAIGNENT DE CE QUE KHOSROU  FERME SA COUR.
4.178	13	LES IRANIENS APPELLENT ZAL ET RUSTEM.
4.182	13	KEÏ KHOSROU VOIT EN RÊVE LE SEROSCH.
4.183	13	ZAL FAIT DES REPRÉSENTATIONS À KEÏ KHOSROU.
4.187	13	KEÏ KHOSROU RÉPOND À ZAL.
4.189	13	ZAL FAIT DES REPROCHÈS À KEÏ KHOSROU.
4.192	13	RÉPONSE DE KEÏ KHOSROU ET REPENTIR DE ZAL.
4.195	13	KHOSROU ANNONCE AUX IRANIENS SES DERNIÈRES VOLONTÉS.
4.199	13	KHOSROU INDIQUE À GOUDERZ SES DERNIÈRES VOLONTÉS.
4.201	13	ZAL DEMANDE À KHOSROU UNE INVESTITURE POUR RUSTEM.
4.203	13	KEÏ KHOSROU DONNE UNE LETTRE D’INVESTITURE À GUIV.
4.205	13	KHOSROU ACCORDE UNE INVESTITURE À THOUS.
4.206	13	KEÏ KHOSROU DONNE LA ROYAUTÉ À LOHRASP.
4.210	13	KEÏ KHOSROU DIT ADIEU À SES FAVORITES.
4.212	13	KEÏ KHOSROU SE REND DANS LA MONTAGNE ET DISPARAÎT DANS LA NEIGE.
4.215	13	LES PEHLEWANS SONT ENSEVELIS SOUS LA NEIGE.
4.219	13	LOHRASP APPREND LA DISPARITION DE KEÏ KHOSROU.
4.222	14	LOHRASP FONDE LE TEMPLE DU FEU À BALKH.
4.223	14	GUSCHTASP QUITTE LOHRASP EN COLÈRE.
4.227	14	ZERIR RAMÈNE GUSCHTASP.
4.231	14	GUSCHTASP PART POUR LE ROUM.
4.232	14	GUSCHTASP ARRIVE À ROUM.
4.237	14	UN DIHKAN REÇOIT GUSCHTASP CHEZ LUI.
4.238	14	HISTOIRE DE KITABOUN, FILLE DU KAISAR.
4.241	14	LE KAÏSAR DONNE KITABOUN À GUSCHTASP.
4.243	14	NIRIN DEMANDE EN MARIAGE LA SECONDE FILLE DU KAISAR.
4.249	14	GUSCHTASP TUE LE LOUP DE PASIROENS.
4.255	14	AUREN DEMANDE EN MARIAGE LA TROISIÈME FILLE DU KAÏSAR.
4.260	14	GUSCHTASP TUE LE DRAGON, ET LE: KAISAR DONNE SA FILLE À AHREN.
4.264	14	GUSCHTASP SE DISTINGUE DANS LE CIRQUE.
4.269	14	LETTRE DU KAÏSAR À ILIAS, À QUI IL DEMANDE UN TRIBUT.
4.272	14	COMBAT DE GUSCHTASP ET D'ILIAS, ET MORT DE CE DERNIER.
4.274	14	LE KAISAR EXIGE DE LOHRASP UN TRIBUT POUR L’IRAN.
4.277	14	ZERIR. PORTE AU KAISAR UN MESSAGE DE LOHRASP.
4.281	14	GUSCHTASP S'EN RETOURNE DANS L’IRAN AVEC ZERIR, ET LOHRASP LUI ABANDONNE LE TRÔNE.
4.286	15	FIRDOUSI VOIT DAKIKI EN SONGE.
4.287	15	LOHRASP SE RETIRE À BALKH ET GUSCHTASP MONTE SUR LE TRÔNE.
4.290	15	ZERDOUSCHT PARAÎT ET GUSCHTASP ADOPTE SA RELIGION.
4.293	15	GUSCHTASP REFUSE À ARDJASP LE TRIBUT DE L’IRAN.
4.296	15	LETTRE D’ARDJASP À GUSCHTASP.
4.299	15	ARDJASP ENVOIE DES MESSAGERS À GUSCHTASP.
4.301	15	ZÉRIR RÉPOND À ARDJASP.
4.303	15	Les envoyés d’Ardjasp s'en retournèrent avec la réponse de Guschtasp.
4.307	15	GUSCHTASP RASSEMBLE SON ARMÉE.
4.309	15	DJAMASP DÉVOILE À GUSCHTASP L’ISSUE DE LA BATAILLE.
4.317	15	GUSCHTASP ET ARDJASP METTENT EN ORDRE LEURS ARMÉES.
4.318	15	COMMENCEMENT DE LA BATAILLE ENTRE LES IRANIENS ET LES TOURANIENS.
4.322	15	MORT DE GUERAMI, FILS DE DJAMASP.
4.325	15	MORT DE ZERIR, FRÈRE DE GUSCHTASP.
4.327	15	ZERIR EST TUÉ PAR BIDIREFSCH.
4.330	15	ISFENDIAR APPREND LA MORT DE ZERIR.
4.332	15	ISFENDIAR ATTAQUE ARDJASP.
4.335	15	NESTOUR ET ISFENDIAR TUENT BIDIREFSCH.
4.337	15	ARDJASP S’ENFUIT DE LA BATAILLE.
4.339	15	ISFENDIAR FAIT GRÂCE AUX TURCS.
4.341	15	GUSCHTASP S'EN RETOURNE À BALKH
4.343	15	GUSCHTASP ENVOIE ISFENDIAR DANS TOUS LES PAYS POUR LES CONVERTIR À LA RELIGION DE ZERDOUSCHT.
4.346	15	GUREZM CALOMNIE ISFENDIAR.
4.349	15	DIAMASP ARRIVE AUPRÈS D’ISFENDIAR.
4.351	15	GUSCHTASP FAIT CHARGER DE CHAÎNES ISFENDIAR.
4.354	15	GUSCHTASP SE REND DANS LE SEISTAN ET ARDJASP RÉUNIT DE NOUVEAU SON ARMÉE.
4.357	15	FIRDOUSI FAIT LA CRITIQUE DE DAKIKI.
4.359	15	L'ARMÉE D'ARDJASP ARRIVE À BALKH ET TUE LOHRASP.
4.363	15	GUSCHTASP APPREND LA MORT DE LOHRASP ET MARCHE VERS BALKH.
4.367	15	GUSCHTASP S’ENFUIT DEVANT ARDJASP.
4.370	15	DJAMASP SE REND AUPRÈS D’ISFENDIAR.
4.375	15	ISFENDIAR VOIT SON FRÈRE FERSCHIDWERD
4.380	15	ISFENDIAR ARRIVE DANS LA MONTAGNE, AUPRÈS DE GUSCHTASP.
4.389	15	GUSCHTASP ENVOIE ISFENDIAR DE NOUVEAU CONTRE ARDJASP.
4.391	15	LOUANGES DU ROI MAIMOUD.
4.393	15	PREMIÈRE STATION. — ISPENDIAR TUE LES DEUX LQUPS.
4.398	15	SECONDE STATION. —— ISFENDIAR TUE LES LIONS
4.400	15	TROISIÈME STATION. ISFENDIAR TUE LE DRAGON.
4.402	15	QUATRIÈME STATION. —— ISFENDIAR TUE LA MAGICIENNE.
4.408	15	CINQUIÈME STATION. ——— ISFENDIAR TUE UN SIMOURGH.
4.411	15	SIXIÈME STATION. -— ISFENDIAR TRAVERSE LES NEIGES.
4.418	15	SEPTIÈME STATION. — ISFENDIAR TRAVERSE L'EAU ET TUE KERGSAR.
4.422	15	ISFENDIAR S'INTRODUIT DANS LE CHÂTEAU D'AIRAIN, DÉGUISÉ EN MARCHAND.
4.428	15	ISFENDIAR EST RECONNU PAR SES SOEURS.
4.432	15	BESCHOUTEN ATTAQUE LE CHÂTEAU D'AIRAIN.
4.434	15	ISFENDIAR TUE ARDJASP.
4.438	15	ISFENDIAR TUE KEHREM.
4.443	15	LETTRE D’ISFENDIAR À GUSCHTASP ET RÉPONSE DE CELUI-CI.
4.445	15	RETOUR D’ISFENDIAR AUPRÈS DE GUSCHTASP.
4.451	15	<xref n="15.3.1"/>COMMENCEMENT DU RÉCIT.
4.455	15	ISFENDIAR DEMANDE LE TRÔNE À SON PÈRE.
4.458	15	RÉPONSE DE GUSCHTASP.
4.459	15	KITABOUN DONNE DES CONSEILS À ISFENDIAR.
4.464	15	ISFENDIAR CONDUIT UNE ARMÉE DANS LE ZABOULISTAN.
4.466	15	ISFENDIAR ENVOIE BAHMAN AUPRES DE RUSTEH.
4.470	15	BAHMAN RENCONTRE ZAL.
4.471	15	BAHMAN S’ACQUITTE DE SON MESSAGE.
4.475	15	RUSTEM RÉPOND À BAHMAN.
4.480	15	RETOUR DE BAHMAN.
4.482	15	RUSTEM ET ISFENDIAR SE RENCONTRENT.
4.487	15	ISFENDIAR N'INVITE PAS RUSTEM À DINER.
4.489	15	ISFENDIAR FAIT DES EXCUSES À RUSTEN DE NE L'AVOIR PAS INVITÉ.
4.493	15	ISFENDIAR DÉPRÉCIE LA FAMILLE DE RUSTEM.
4.497	15	ISFENDIAR FAIT L’ÉLOGE DE SA FAMILLE.
4.498	15	RUSTEM SE VANTE DE SES HAUTS FAITS.
4.504	15	RUSTEM ET ISFENDIAR BOIVENT DU VIN.
4.510	15	RUSTEM S’EN RETOURNE À SON PALAIS.
4.514	15	ZAL DONNE CONSEIL À RUSTEM.
4.518	15	COMBAT DE RUSTEM ET D’ISFENDIAR.
4.521	15	LES FILS D'ISFENDIAR SONT TUÉS PAR ZEWAREH ET FARAMOURZ.
4.527	15	RUSTEM S’ENFUIT SUR LE HAUT DE LA MONTAGNE.
4.532	15	RUSTEM TIENT CONSEIL AVEC SA FAMILLE.
4.535	15	LE SIMOURGH INDIQUE À RUSTEM UN MOYEN DE SALUT.
4.540	15	RUSTEM RETOURNE AU COMBAT CONTRE ISFENDIAR.
4.544	15	RUSTEM LANCE UNE FLÈCHE DANS L'OEIL D'ISFENDIAR.
4.549	15	ISFENDIAR CHARGE RUSTEM DE SES DERNIÈRES VOLONTÉS
4.553	15	BESCHOUTEN AMÈNE LE CERCUEIL D’ISFENDIAR À GUSCHTASP.
4.560	15	RUSTEM RENVOIE BAHMAN DANS L'IRAN.
4.564	15	<xref n="15.4.1"/>COMMENCEMENT DU RÉCIT.
4.566	15	RUSTEM SE REND À KABOUL POUR AIDER SON FRÈRE SCHEGHAD.
4.573	15	LE ROI DE KABOUL FAIT CREUSER DES FOSSES DANS LA RÉSERVE DE CHASSE ; RUSTEM ET ZEWAREH Y TOMBENT.
4.576	15	RUSTEM TUE SCHEGHAD ET MEURT.
4.578	15	ZAL APPREND LA MORT DE RUSTEM ; FARAMOURZ APPORTE LE CERCUEIL DE SON PÈRE ET LE PLACE DANS UN  TOMBEAU.
4.582	15	FARAMOURZ MARCHE AVEC UNE ARMÉE POUR VENGER RUSTEM, ET MET À MORT LE ROI DE KABOUL.
4.584	15	LA PERTE DE SON FILS REND FOLLE ROUDABEH.
4.586	15	GUSCHTASP ABANDONNE LE TRÔNE À BAHMAN.
4.588	16	BAHMAN VENGE LA MORT D’ISFENDIAR.
5.2	16	BAHMAN CHARGE ZAL DE CHAÎNES.
5.6	16	FARAMOURZ COMBAT BAHMAN ET PERD LA VIE.
5.8	16	BAHMAN REND LA LIBERTÉ À ZAL ET S’EN RETOURNE DANS L’IRAN.
5.11	16	BAHMAN ÉPOUSE SA FILLE HOMAÏ ET LUI DESTINE LA SUCCESSION AU TRÔNE.
5.13	17	OMAÏ ABANDONNE AU COURS DE L'EUPHRATE SON FILS DARAB, ENFERMÉ DANS UNE BOÎTE.
5.17	17	LE BLANCHISSEUR ÉLÈVE DARAB.
5.21	17	DARAB DEMANDE À LA FEMME DU BLANCHISSEUR SON ORIGINE, ET VA À LA GUERRE CONTRE LE ROUM.
5.24	17	RESCHNEWAD APPREND LA VÉRITÉ SUR DARAB
5.27	17	DARAB SE BAT CONTRE L'ARMÉE DE ROUM.
5.30	17	HOMAÏ RECONNAÎT SON FILS.
5.33	17	HOMAÏ PLACE DARAB SUR LE TRÔNE.
5.36	18	DARAB FONDE LA VILLE DE DARABGUIRD.
5.39	18	DARAB BAT L'ARMÉE DE SCHOAÏB.
5.40	18	DARAB COMBAT PHEÏLEKOUS ET ÉPOUSE SA FILLE.
5.43	18	DARAB RENVOIE NAHID. ELLE MET AU MONDE ISKENDER.
5.48	19	MORT DE PHEÏLEKOUS ET AVÉNEMENT D'ISKENDER.
5.52	19	ISKENDER SE REND AUPRÈS DE DARA COMME SON PROPRE AMBASSADEUR.
5.57	19	DARA LIVRE BATAILLE À ISKENDER ET EST VAINCU.
5.58	19	DEUXIÈME BATAILLE DE DARA CONTRE ISKENDER.
5.61	19	TROISIÈME BATAILLE ENTRE ISKENDER ET DARA, ET FUITE DE DARA DANS LE KERMAN.
5.64	19	LETTRE DE DARA À ISKENDER POUR DEMANDER LA PAIX.
5.67	19	DARA ASSASSINÉ PAR SES DESTOURS.
5.69	19	DARA COMMUNIQUE À ISKENDER SES DERNIÈRES VOLONTÉS ET MEURT.
5.74	19	ISKENDER ÉCRIT UNE LETTRE AUX GRANDS DE L'IRAN.
5.76	20	COMMENCEMENT DU RÉCIT.
5.82	20	LETTRE D'ISKENDER À DILARAÏ, MÈRE DE ROUSCHENEK.
5.86	20	ISKENDER ÉPOUSE ROUSCHENEK.
5.87	20	SONGE DE KEÏD, ROI DE KANOUDJ.
5.90	20	RÉPONSE DE MIHRAN À KEÏD.
5.97	20	ISKENDER MARCHE CONTRE KEÏD.
5.101	20	ISKENDER ENVOIE NEUF SAVANTS POUR VOIR LES QUATRE MERVEILLES DE KEÏD.
5.104	20	LES NEUF SAGES AMÈNENT À ISKENDER LES QUATRE MERVEILLES DE KEÏD.
5.105	20	ISKENDER MET À L'ÉPREUVE LE SAGE, LE MÉDECIN ET LA COUPE DE KEID.
5.108	20	ISKENDER MET À L'ÉPREUVE LE MÉDECIN INDIEN.
5.111	20	ISKENDER MET À L'ÉPREUVE LA COUPE DE KEID.
5.112	20	LETTRE D’ISKENDER À FOUR L'INDIEN.
5.115	20	ISKENDER CONDUIT SON ARMÉE À LA GUERRE CONTRE FOUR.
5.119	20	COMBAT D’ISKENDER CONTRE LES INDIENS, ET MORT DE FOUR.
5.124	20	ISKENDER VA EN PÈLERINAGE À LA KA’BA.
5.126	20	ISKENDER CONDUIT SON ARMÉE VERS LE MISR.
5.128	20	LETTRE D'ISKENDER À KEÏDAFEH.
5.130	20	LE FILS DE KEÏDAFEH TOMBE ENTRE LES MAINS DES ROUMIS.
5.133	20	ISKENDER SE REND EN AMBASSADEUR AUPRÈS DE KEÏDAFEH.
5.138	20	KEÏDAFEH DONNE UN CONSEIL À ISKENDER.
5.142	20	ISKENDER SE MET EN GARDE CONTRE THEÏNOUSCH.
5.146	20	ISKENDER FAIT UNE CONVENTION AVEC KEÏDAFEH ET S'EN RETOURNE.
5.153	20	ISKENDER SE REND DANS LE PAYS DES BRAHMANES.
5.158	20	ISKENDER SE REND À LA MER D'OCCIDENT ET AU PAYS DE HABESCH.
5.162	20	ISKENDER ARRIVE AUPRÈS DES HOMMES AUX PIEDS FLEXIBLES ET TUE UN DRAGON.
5.165	20	ISKENDER VOIT DES MERVEILLES DANS LA VILLE DE HEROUM.
5.171	20	ISKENDER MARCHE VERS L’OCCIDENT.
5.172	20	ISKENDER CHERCHE L'EAU DE LA VIE.
5.173	20	ISKENDER CONVERSE AVEC LES OISEAUX.
5.175	20	Iskender voit l'ange Israfil.
5.178	20	ISKENDER CONSTRUIT LE REMPART DE GOG ET DE MAGOG.
5.181	20	ISKENDER VOIT UN MORT DANS UN PALAIS DE TOPAZES.
5.183	20	ISKENDER VOIT L'ARBRE QUI PARLE.
5.186	20	ISKENDER SE REND AUPRÈS DU FAGHFOUR DE LA CHINE.
5.193	20	ISKENDER ARRIVE AU PAYS DE SIND ET Y LIVRE UNE BATAILLE.
5.195	20	ISKENDER CONDUIT SON ARMÉE À BABYLONE.
5.198	20	LETTRE D’ISKENDER À ARISTALIS ET RÉPONSE DE CELUI-CI.
5.200	20	LETTRE D'ISKENDER À SA MÈRE ET SESDERNIÈRES VOLONTÉS.
5.203	20	ISKENDER MEURT À BABYLONE.
5.206	20	LAMENTATIONS DES SAGES SUR ISKENDER.
5.208	20	LAMENTATIONS DE LA MÈRE ET DE LA FEMME D'ISKENDER.
5.210	20	FIRDOUSI SE PLAINT DE SON ÂGE ET DE SON SORT.
5.212	21	LOUANGES DU SULTAN MAHMOUD.
5.215	21	COMMENCEMENT DE l’HISTOIRE DES ASCHKANIDES.
5.217	21	BABEK VOIT EN SONGE L'AVENIR DE SASAN.
5.220	21	NAISSANCE D’ARDESCHIR BABEKAN
5.222	21	ARDESCHIR VA À LA COUR D’ARDEWAN.
5.226	21	GULNAR VOIT ARDESCHIR ET BABEK MEURT.
5.228	21	ARDESCHIR S'ENFUIT AVEC GULNAR.
5.230	21	ARDEWAN APPREND LA FUITE DE GULNAR ET D’ARDESCHIR.
5.234	21	ARDESCHIR RÉUNIT UNE ARMÉE.
5.235	21	ARDESCHIR COMBAT BAHMAN ET RESTE VAINQUEUR.
5.238	21	COMBAT D’ARDESCHIR CONTRE ARDEWAN, ET MORT D’ARDEWAN.
5.243	21	ARDESCHIR COMBAT LES KURDES.
5.247	21	HISTOIRE DU VER D’HEFTWAD.
5.251	21	ARDESCHIR COMBAT HEFTWAD ET EST DÉFAIT.
5.253	21	MIHREK FILS DE NOUSCHZAD PILLE LE PALAIS D’ARDESCHIR.
5.259	21	ARDESCHIR TUE LE VER D’HEFTWAD.
5.262	21	ARDESCHIR MET À MORT HEFTWAD.
5.264	22	ARDESCHIR MONTE SUR LE TRÔNE.
5.265	22	AVENTURE D'ARDESCHIR AVEC LA FILLE D’ARDEWAN.
5.269	22	NAISSANCE DE SCHAPOUR, FILS D’ARDESCHIR.
5.273	22	SCHAPOUR JOUE À LA BALLE ET EST RECONNU PAR ARDESCHIR.
5.276	22	ARDESCHIR SE FAÏT PRÉDIRE SON SORT PAR KEÏD L’INDIEN.
5.278	22	SCHAPOUR ÉPOUSE LA FILLE DE MIHREK.
5.282	22	LA FILLE DE MIHREK MET AU MONDE ORMUZD FILS DE SCHAPOUR.
5.285	22	ARDESCHIR ORGANISE L'ADMINISTRATION DR SON EMPIRE.
5.294	22	ARDESCHIR INDIQUE SES DERNIÈRES VOLONTÉS AUX GRANDS DE L'IRAN.
5.296	22	ARDESCHIR ADRESSE À TOUS SES DERNIERS AVIS.
5.299	22	KHARRAD PRONONCE LES LOUANGES D’ARDESCHIR.
5.302	22	ARDESCHIR ABANDONNE LE GOUVERNEMENT À SCHAPOUR.
5.309	23	SCHAPOUR MONTE SUR LE TRÔNE.
5.312	23	GUERRE DE SCHAPOUR CONTRE LES ROUMIS.
5.315	23	SCHAPOUR COMMUNIQUE À SON FILS ORMUZD SES DERNIÈRES VOLONTÉS.
5.317	24	DERNIÈRES VOLONTÉS ET MORT D’ORMUZD.
5.326	25	BAHRAM REMET LE GOUVERNEMENT À BAHRAM FILS DE BAHRAM, ET MEURT.
5.339	30	THAÏR L'ARABE ENLÈVE LA FILLE DE NERSI, ET SCHAPOUR LE COMBAT.
5.343	30	MALIKEH, LA FILLE DE THAÏR, DEVIENT AMOUREUSE DE SCHAPOUR.
5.345	30	MALIKEH LIVRE LA FORTERESSE À SCHAPOUR, ET THAÏR Y PÉRIT.
5.348	30	SCHAPOUR VA À ROUM (CTÉSIPHON), OÙ LE KAÏSAR LE FAIT COUDRE DANS UNE PEAU D'ÂNE.
5.357	30	SCHAPOUR ET LA JEUNE FILLE S'ENFUIENT DE ROUM ET ARRIVENT DANS L’IRAN.
5.360	30	LES IRANIENS RECONNAISSENT SCHAPOUR ET IL RASSEMBLE AUTOUR DE LUI UNE ARMÉE.
5.363	30	SCHAPOUR, DANS UNE ATTAQUE DE NUIT, FAIT PRISONNIER LE KAÏSAR.
5.369	30	SCHAPOUR CONDUIT UNE ARMÉE DANS LE ROUM ET COMBAT LE FRÈRE DU KAÏSAR.
5.373	30	LES ROUMIS PLACENT BARANOUSCH SUR LE TRÔNE. SA LETTRE À SCHAPOUR.
5.375	30	BARANOUSCH SE REND AUPRÈS DE SCHAPOUR ET CONCLUT UN TRAITÉ AVEC LUI.
5.379	30	MANI PARAÎT ET PRÉTEND ÊTRE PROPHÈTE.
5.381	30	SCHAPOUR NOMME RÉGENT SON FRÈRE ARDESCHIR.
5.385	31	ARDESCHIR MONTE AU TRÔNE ET FAIT UNE ALLOCUTION AUX CHEFS DE L’IRAN.
5.393	34	YEZDEGUERD MONTE SUR LE TRÔNE.
5.396	34	NAISSANCE DE BAHRAM, FILS DE YEZDEGUERD.
5.398	34	YEZDEGUERD CHARGE MONDHIR ET NOMAN D'ÉLEVER SON FILS BAHRAM.
5.405	34	CE QUI ARRIVA À LA CHASSE ENTRE BAHRAM ET LA JOUEUSE DE LUTH.
5.407	34	BAHRAM MONTRE SA VALEUR À LA CHASSE.
5.408	34	BAHRAM RETOURNE AUPRÈS DE SON PÈRE YEZDEGUERD AVEC NOMAN.
5.413	34	YEZDEGUERD FAIT ENFERMER BAHRAM. RETOUR DE BAHRAM AUPRÈS DE MONDHIR.
5.415	34	YEZDEGUERD VA À THOUS ET EST TUÉ PAR UN CHEVAL QUI SORT DE L'EAU.
5.419	34	LES GRANDS PLACENT KHOSROU SUR LE TRÔNE.
5.421	34	BAHRAM GOUR APPREND LA MORT DE SON PÈRE.
5.423	34	LETTRE DES IRANIENS À BAHRAM ET SA RÉPONSE.
5.427	34	Bahram Gour se rend à Djehrem, et les Iraniens vont à sa rencontre.
5.432	34	BAHRAM PARLE AUX IRANIENS DE SON APTITUDE POUR LA ROYAUTÉ.
5.435	34	Bahram saisit la couronne au milieu des lions.
5.445	35	BAHRAM GOUR PREND CONGÉ DE MONDHIR ET DE NOMAN, ET REMET AUX IRANIENS LES IMPÔTS ARRIÉRÉS.
5.449	35	AVENTURE DE BAHRAM GOUR AVEC LEMBEK LE PORTEUR D'EAU.
5.453	35	AVENTURE DE BAHRAM GOUR AVEC BARAHAM LE JUIF.
5.457	35	BAHRAM GOUR DONNE À LEMBEK LES RICHESSES DE BARAHAM.
5.459	35	AVENTURE DE BAHRAM GOUR AVEC MIHR BENDAD.
5.461	35	AVENTURE DE BAHRAM GOUR AVEC KEBROUI. INTERDICTION DE L'USAGE DU VIN.
5.463	35	BAHRAM GOUR LÈVE L’INTERDICTION DU VIN PAR SUITE DE L'AVENTURE DU PETIT CORDONNIER AVEC UN LION.
5.466	35	LE GRAND MOBED DE BAHRAM GOUR DÉTRUIT UN BOURG ET LE FAIT REFLEURIR.
5.471	35	AVENTURE DE BAHRAM GOUR ET DES QUATRE SŒURS.
5.476	35	BAHRAM GOUR TROUVE LE TRÉSOR DE DJEMSCHID.
5.483	35	AVENTURE DE BAHRAM GOUR AVEC UN MARCHAND ET SON APPRENTI.
5.487	35	BAHRAM GOUR TUE UN DRAGON. SON AVENTURE AVEC LA FEMME DU JARDINIER.
5.494	35	BAHRAM GOUR VA À LA CHASSE ET ÉPOUSE LES FILLES DU DIHKAN BERZIN.
5.502	35	BAHRAM MONTRE SON HABILETÉ À LA CHASSE ET ÉPOUSE LA FILLE DU JOAILLIER.
5.518	35	AVENTURE DE BAHRAM AVEC FERSCHIDWERD, LE CHEF DE VILLAGE, ET L'HOMME QUI ARRACHAIT LES RONCES.
5.525	35	BAHRAM GOUR VA À LA CHASSE ET TUE DES LIONS.
5.533	35	BAHRAM MONTRE SON HABILETÉ DANS LA CHASSE À L'ONAGRE.
5.538	35	LE KHAKAN DE LA CHINE ATTAQUE L'IRAN, ET LES IRANIENS LUI OFFRENT LEUR SOUMISSION.
5.544	35	BAHRAM GOUR ATTAQUE LE KHAKAN DE LA CHINE.
5.546	35	BAHRAM ÉLÈVE UNE COLONNE POUR MARQUER LA FRONTIÈRE ENTRE L’IRAN ET LE TOURAN.
5.549	35	LETTRE DE BAHRAM GOUR À SON FRÈRE NERSI ET AUX IRANIENS.
5.551	35	BAHRAM GOUR REVIENT DANS LE PAYS D’IRAN.
5.552	35	BAHRAM GOUR ÉCRIT DES INSTRUCTIONS POUR SES EMPLOYÉS.
5.558	35	BAHRAM GOUR ENVOIE SON FRÈRE NERSI DANS LE KHORASAN ET FAIT VENIR DEVANT SON TRÔNE L'ENVOYÉ DU KAÏSAR.
6.3	35	QUESTIONS ET RÉPONSES DE L'ENVOYÉ ROUMI ET DES MOBEDS DE L’IRAN.
6.7	35	BAHRAM GOUR DONNE CONGÉ À L’ENVOYÉ DU KAÏSAR.
6.9	35	BAHRAM ADRESSE AUX CHEFS UN DISCOURS SUR LA JUSTICE.
6.13	35	BAHRAM GOUR ÉCRIT UNE LETTRE À SCHENGUIL, ROI DE L'INDE.
6.16	35	BAHRAM GOUR VA DANS L’INDOUSTAN PORTER SA PROPRE LETTRE.
6.18	35	RÉPONSE DE SCHENGUIL À LA LETTRE DE BAHRAM.
6.21	35	BAHRAN COMBAT UN LUTTEUR À LA COUR DE SCHENGUIL ET MONTRE SA BRAVOURE.
6.24	35	SCHENGUIL CONÇOIT DES SOUPÇONS SUR LA QUALITÉ DE BAHRAM ET L’EMPÊCHE DE SEN RETOURNER DANS L'IRAN.
6.27	35	BAHRAM COMBAT UN LOUP ET LE TUE.
6.30	35	BAHRAM TUE UN DRAGON.
6.33	35	BAHRAM GOUR ÉPOUSE LA FILLE DU ROI DE L'INDE.
6.36	35	LETTRE DU FAGHFOUR DE LA CHINE ET RÉPONSE DE BAHRAM.
6.39	35	BAHRAM S'ENFUIT DE L'INDE AVEC LA FILLE DU ROI SCHENGUIL,
6.43	35	SCHENGUIL POURSUIT BAHRAM ET APPREND QUI IL EST.
6.45	35	LES IRANIENS VONT AU-DEVANT DE BAHRAM GOUR.
6.49	35	SCHENGUIL SE REND AVEC SEPT ROIS AUPRÈS DE BAHRAM GOUR.
6.53	35	SCHENGUIL S’EN RETOURNE DE L’IRAN DANS L'HINDOUSTAN.
6.54	35	BAHRAM FAIT REMISE DE L'IMPÔT AUX PROPRIÉTAIRES DE TERRES.
6.60	35	BAHRAM FAIT VENIR DE L'INDE DES LOURIS.
6.61	35	FIN DE LA VIE DE BAHRAM GOUR.
6.68	37	AVÉNEMENT AU TRÔNE DE HORMUZ, ET SA DÉPOSITION PAR SON FRÈRE PIROUZ.
6.68	38	PIROUZ MONTE SUR LE TRÔNE. UNE SÉCHERESSE DÉSOLE L'IRAN PENDANT SEPT ANS.
6.72	38	LUTTE DE PIROUZ CONTRE LES TOURANIENS.
6.74	38	LETTRE DE KHOUSCHNEWAZ À PIROUZ.
6.77	38	PIROUZ TOMBE DANS LE FOSSÉ ET EST TUÉ.
6.80	39	ALLOCUTION DE BALASCH AUX IRANIENS.
6.81	39	LETTRE DE SOUFERAÏ À KHOUSCHNEWAZ.
6.86	39	COMBAT DE SOUFERAÏ ET DE KHOUSCHNEWAZ.
6.92	39	KOBAD REVIENT DANS L’IRAN.
6.94	40	KOBAD MONTE SUR LE TRÔNE ET FAIT UNE ALLOCUTION AUX GRANDS.
6.96	40	LES IRANIENS RENDENT SOUFERAÏ SUSPECT À KOBAD, QUI LE FAIT METTRE À MORT.
6.101	40	LES IRANIENS METTENT KOBAD DANS LES CHAÎNES ET PLACENT SUR LE TRÔNE SON FRÈRE DJAMASP.
6.104	40	KOBAD S’ENFUIT ET PREND REFUGE CHEZ LES HEÏTALIENS.
6.107	40	KOBAD REVIENT DU PAYS DES HEÏTALIENS. — KESRA NOUSCHIRWAN VIENT AU MONDE, ET KOBAD REMONTE SUR SON TRÔNE.
6.109	40	KOBAD ADOPTE LA RELIGION DE MAZDEK.
6.113	40	KESRA ATTAQUE MAZDEK ET LE FAIT METTRE À MORT.
6.119	40	KOBAD NOMME KESRA SON SUCCESSEUR ET LES GRANDS LUI DONNENT LE NOM DE NOUSCHIRWAN.
6.121	40	LE POËTE DÉPLORE SA FAIBLESSE.
6.122	41	KESRA NOUSCHIRWAN PARLE AUX CHEFS DE L'IRAN.
6.127	41	NOUSCHIRWAN DIVISE SON EMPIRE EN QUATRE PARTIES ET RÉGLE LA LEVÉE DES IMPÔTS.
6.128	41	LETTRE DE NOUSCHIRWAN À SES EMPLOYÉS.
6.134	41	AVENTURE DE BABEK, MOBED DE KESRA QUI PASSE EN REVUE L'ARMÉE.
6.139	41	SUR LA JUSTICE ET LA SAGESSE DE NOUSCHIRWAN.
6.142	41	NOUSCHIRWAN FAIT LE TOUR DE SON EMPIRE.
6.145	41	KESRA CHÂTIE LES ALAINS, LES BELOUDSCHI ET LES GHILANI.
6.150	41	MONDHIR, L'ARABE, DEMANDE AIDE CONTRE LES INIQUITÉS DU KAÏSAR.
6.154	41	LETTRE DE NOUSCHIRWAN ET RÉPONSE DU KAÏSAR DE ROUM.
6.156	41	NOUSCHIRWAN MARCHE CONTRE LE KAÏSAR DE ROUM.
6.162	41	NOUSCHIRWAN PREND DES FORTERESSES DANS LE PAYS DE ROUM.
6.164	41	NOUSCHIRWAN COMBAT FARFOURIUS (PORPHYRE) LE ROUMI ET S’EMPARE DE KALINIUS ET D’ANTIOCHE.
6.168	41	NOUSCHIRWAN BÂTIT UNE VILLE EN IMITATION D’ANTIOCHE ET Y ÉTABLIT LES CAPTIFS ROUMIS.
6.169	41	LE KAÏSAR DE ROUM DEMANDE LA PAIX À NOUSCHIRWAN.
6.172	41	HISTOIRE DE NOUSCHZAD FILS DE NOUSCHIRWAN ET DE LA FEMME CHRÉTIENNE.
6.176	41	MALADIE DE NOUSCHIRWAN ET RÉVOLTE DE NOUSCHZAD.
6.183	41	RAM BERZIN SE PRÉPARE À LA GUERRE CONTRE NOUSCHZAD. CONSEILS QUE DONNE PIROUZ A NOUSCHZAD.
6.186	41	COMBAT ENTRE NOUSCHZAD ET RAM BERZIN. MORT DE NOUSCHZAD.
6.190	41	NOUSCHIRWAN A UN SONGE ET BUZURDIMIHR SE REND À LA COUR.
6.194	41	BUZURDJMIHR INTERPRÈTE LE SONGE DU ROI.
6.197	41	NOUSCHIRWAN DONNE UNE FÊTE AUX MOBEDS. CONSEILS DE BUZURDJMIHR.
6.202	41	DEUXIÈME FÊTE QUE NOUSCHIRWAN DONNE À BUZURDJIMIHR ET AUX MOBEDS.
6.209	41	TROISIÈME FÊTE QUE DONNE NOUSCHIRWAN À BUZURDJMIHR ET AUX MOBEDS.
6.214	41	QUATRIÈME FÊTE QUE NOUSCHIRWAN DONNE À BUZURDJMIHR ET AUX MOBEDS.
6.219	41	CINQUIÈME FÊTE QUE DONNE NOUSCHIRWAN À BUZURDJIMIHR ET AUX MOBEDS.
6.222	41	SIXIÈME FÊTE QUE DONNE NOUSCHIRWAN À BUZURDJMIHR ET AUX MOBEDS.
6.228	41	SEPTIÈME FÊTE QUE DONNE NOESCHIRWAN À BUZURDIMIHR ET AUX MOBEDS.
6.232	41	HISTOIRE DE MAHBOUD, LE DESTOUR DE NOUSCHIRWAN.
6.237	41	ON DÉCOUVRE LES INCANTATIONS DE ZERWAN ET DU JUIF ET ILS SONT TOUS LES DEUX MIS À MORT.
6.242	41	NOUSCHIRWAN FONDE LA VILLE DE SOURSAN.
6.244	41	GUERRE DU KHAKAN DE LA CHINE AVEC LES HEÏTALIENS.
6.250	41	NOUSCHIRWAN APPREND CE QUE LES HEÏTALIENS ONT FAIT ET CONDUIT UNE ARMÉE CONTRE EUX.
6.255	41	NOUSCHIRWAN PART POUR LA GUERRE CONTRE LE KHAKAN.
6.258	41	LETTRE DU KHAKAN DE LA CHINE À NOUSCHIRWAN.
6.261	41	RÉPONSE DE NOUSCHIRWAN À LA LETTRE DU KHAKAN.
6.264	41	LE KHAKAN OFFRE SA FILLE EN MARIAGE À NOUSCHIRWAN.
6.270	41	NOUSCHIRWAN ENVOIE MIHRAN SITAD VOIR LA FILLE DU KHAKAN.
6.280	41	LE KHAKAN SE RETIRE ET NOUSCHIRWAN CONDUIT SON ARMÉE À CTÉSIPHON.
6.285	41	NOUSCHIRWAN REVIENT VICTORIEUX DANS L'IRAN.
6.286	41	LE MONDE TROUVE DU REPOS SOUS NOUSCHIRWAN.
6.290	41	BUZURDIMIHR DONNE DES CONSEILS À NOUSCHIRWAN.
6.306	41	LE RADJA DE L'INDE ENVOIE À NOUSCHIRWAN UN JEU D'ÉCHECS.
6.312	41	BUZURDJMIHR INVENTE LE JEU DU NARD (TRICTRAC) ET NOUSCHIRWAN L'ENVOIE DANS L'INDE.
6.316	41	LES SAGES DE L'INDE NE DÉCOUVRENT PAS LA MANIÈRE DE JOUER DU NARD.
6.319	41	COMMENCEMENT DU RÉCIT.
6.324	41	GAU ET THALHEND SE DISPUTENT LE TRÔNE.
6.330	41	GAU ET THALHEND SE PRÉPARENT AU COMBAT.
6.333	41	GAU CHERCHE À S'ENTENDRE AVEC THALHEND.
6.339	41	BATAILLE ENTRE GAU ET THALHEND.
6.350	41	LA MÈRE DE THALHEND APPREND LA MORT DE SON FILS ET EN TÉMOIGNE UN GRAND DEUIL.
6.352	41	ON INVENTE LES ÉCHECS POUR CONSOLER LA MÈRE DE THALHEND.
6.355	41	BARZOUÏ APPORTE DE L'INDE LE CALILA ET DIMNA.
6.365	41	NOUSCHIRWAN SE MET EN COLÈRE CONTRE BUZURDJMIHR ET LE FAIT ENCHAÎNER.
6.371	41	LE KAÏSAR ENVOIE UN ÉCRIN FERMÉ, ET BUZURDIMIHR EST MIS AN LIBERTÉ POUR EN DEVINER LE SECRET.
6.377	41	SUR LA MANIÈRE DE GOUVERNER DE NOUSCHIRWAN.
6.390	41	NOUSCHIRWAN DONNE DES CONSEILS À SON FILS HORMUZD.
6.393	41	QUESTIONS QUE LES MOBEDS ADRESSENT À NOUSCHIRWAN, ET SES RÉPONSES.
6.408	41	LETTRE DE NOUSCHIRWAN AU FILS DU KAÏSAR ET SA RÉPONSE.
6.411	41	KESRA MARCHE CONTRE LE ROUM ET FAIT UN EMPRUNT CHEZ LES MARCHANDS.
6.417	41	DES ENVOYÉS DU KAÏSAR ARRIVENT AVEC DES EXCUSES ET DES OFFRANDES.
6.421	41	NOUSCHIRWAN PARLE DU CHOIX DE SON FILS HORMUZD COMME SUCCESSEUR.
6.424	41	QUESTIONS QUE LES MOBEDS ADRESSENT À HORMUZD, ET SES RÉPONSES.
6.430	41	NOUSCHIRWAN NOMME SON FILS HORMUZD SON SUCCESSEUR.
6.436	42	COMMENCEMENT DU RÉCIT.
6.438	42	HORMUZD MONTE SUR LE TRÔNE ET FAIT UNE ALLOCUTION AUX CHEFS DE L'ARMÉE.
6.441	42	HORMUZD MET À MORT IZED GUSCHASP ET EMPOISONNE ZERDUHISCHT LE GRAND MOBED.
6.447	42	HORMUZD MET À MORT SIMAH BERZIN ET BAHRAM ADERMIHAN.
6.452	42	HORMUZD REVIENT À LA PRATIQUE DE LA JUSTICE.
6.456	42	LE ROI SAWEH CONDUIT UNE ARMÉE CONTRE HORMUZD.
6.460	42	MIHRAN SITAD INDIQUE BAHRAM DJOUBINEH À HORMUZD. QUI L'APPELLE AUPRÈS DE LUI.
6.465	42	BAHRAM DJOUBINEH ARRIVE CHEZ LE ROI HORMUZD.
6.468	42	HORMUZD NOMME BAHRAM DJOUBINEH PEHLEWAN DE L'ARMÉE.
6.473	42	BAHRAM DJOUBINEH PART POUR COMBATTRE LE ROI SAWEH.
6.477	42	HORMUZD ENVOIE KHARRAD BERZIN AUPRÈS DU ROI SAWEH AVEC UN MESSAGE PERFIDE.
6.481	42	SAWEH ENVOIE UN MESSAGE À BAHRAM DJOUBINEH.
6.485	42	SAWEH ENVOIE UN NOUVEAU MESSAGE À BAHRAM DJOUBINEH.
6.487	42	RÉPONSE DE BAHRAM DJOUBINEH AU ROI SAWEH.
6.491	42	BAHRAM DJOUBINEH A UN SONGE ET DISPOSE SON ARMÉE.
6.494	42	BAHRAM DJOUBINEH LIVRE BATAILLE AU ROI SAWEH.
6.499	42	BAHRAM DJOUBINEH FAIT TUER UN SORCIER.
6.502	42	BAHRAM DJOUBINEH ENVOIE À HORMUZD LA TÊTE DU ROI SAWEH ET UNE LETTRE POUR ANNONCER SA VICTOIRE.
6.507	42	BAHRAM DJOUBINEH COMBAT PARMOUDEH FILS DE SAWEH. FUITE DE PARMOUDEH AU CHÂTEAU D'AWAZEH.
6.511	42	PARMOUDEH DEMANDE PROTECTION À BAHRAM DJOUBINEH.
6.516	42	BAHRAM DJOUBINEH DEMANDE À HORMUZD UNE LETTRE DE PROTECTION POUR PARMOUDEH.
6.518	42	BAHRAM DJOUBINEH SE MET EN COLÈRE CONTRE PARMOUDEH.
6.525	42	LE KHAKAN ARRIVE CHEZ LE ROI HORMUZD.
6.527	42	HOBMUZD APPREND LE MANQUE DE PROBITÉ DE BAHRAM DJOUBINEH ET FAIT UN TRAITÉ AVEC LE KHAKAN.
6.533	42	HORMUZD ENVOIE À BAHRAM UNE BOÎTE À FUSEAUX ET UNE ROBE DE FEMME.
6.533	42	BAHRAM A UNE VISION DE LA FORTUNE QUI L’ATTEND.
6.536	42	BAHRAM DJOUBINEH PREND DES ALLURES DE ROI.
6.538	42	KHARRAD BERZIN AVERTIT HORMUZD DE CE QUE FAISAIT BAHRAM.
6.542	42	BAHRAM EXPLIQUE AUX CHEFS DE L'ARMÉE SON PLAN DE SE FAIRE ROI. SA SOEUR GORDIEH LUI DONNE SON AVIS.
6.553	42	BAHRAM FRAPPE MONNAIE AU NOM DE KHOSROU PARVIZ.
6.554	42	BAHRAM ÉCRIT UNE LETTRE À HORMUZD, ET KHOSROU PARVIZ S'ENFUIT DE LA COUR DE SON PÈRE.
6.559	42	AYIN GUSCHASP VA COMBATTRE BAHRAM PAR ORDRE DE HORMUZD ET EST TUÉ.
6.565	42	GUSTEHEM ET BENDOUI FONT AVEUGLER HORMUZD.
xv	43	COMMENCEMENT DU RÉCIT.
7.3	43	KHOSROU MONTE SUR LE TRÔNE ET DEMANDE PARDON À SON PÈRE.
7.6	43	BAHRAM DJOUBINEH APPREND QUE HORMUZD A ÉTÉ AVEUGLÉ ET SE MET EN MARCHE CONTRE KHOSROU PARVIZ.
7.11	43	ENTREVUE ENTRE KHOSROU PARVIZ ET BAHRAM DJOUBINEH.
7.32	43	GORDIEH DONNE DES CONSEILS à son frère BAHRAM.
7.36	43	KHOSROU TIENT CONSEIL AVEC SES SIPEHDARS ET SES MOBEDS.
7.40	43	BAHRAM DJOUBINEH FAIT UNE ATTAQUE DE NUIT CONTRE LES IRANIENS, ET KLOSROU PARVIZ S'ENFUIT.
7.44	43	KHOSROU S'ENFUIT VERS LE ROUM, ET SON PÈRE HORMUZD EST ASSASSINÉ.
7.48	43	KHOSROU ARRIVE AU ROUM.
7.53	43	BAHRAM, FILS DE SIAWUSCH, AMÈNE BENDOUÏ DEVANT BAHRAM DJOUBINEH.
7.56	43	LES IRANIENS DÉLIBÈRENT AVEC BAHRAM SUR LA ROYAUTÉ, ET DISCUTENT S'ILS DOIVENT LE PLACER SUR LE TRÔNE.
7.62	43	BAHRAM DJOUBINEU MONTE SUR LE TRÔNE.
7.63	43	BENDOUÏ S'ENFUIT DE CHEZ BAHRAM.
7.69	43	KHOSROU VA AU ROUM PAR LE DÉSERT, ET UN ERMITE LUI PRÉDIT L'AVENIR.
7.74	43	KHOSROU ENTRE DANS LE PAYS DE ROUM.
7.76	43	UN ERMITE PRÉDIT L'AVENIR À KHOSROU PARVIZ.
7.80	43	KHOSROU PARVIZ ENVOIE UNE LETTRE AU KAÏSAR DE ROUM.
7.84	43	RÉPONSE DU KAÏSAR À LA LETTRE DE KHOSROU.
7.90	43	LE KAÏSAR ÉCRIT DE NOUVEAU À KHOSROU PARVIZ.
7.94	43	KHOSROU PARVIZ ÉCRIT UNE LETTRE D'ALLIANCE ET L'ENVOIE AU KAÏSAR.
7.98	43	LES ROUMIS PRÉPARENT UNE FIGURE MAGIQUE ET SOUMETTENT LES IRANIENS À UNE ÉPREUVE.
7.102	43	KHARRAD EXPLIQUE AU KAÏSAR LA RELIGION DES HINDOOS.
7.106	43	LE KAÏSAR ENVOIE À KUOSROU PARVIZ UNE ARMÉE ET SA FILLE.
7.111	43	KHOSROU CONDUIT L'ARMÉE À ADER ABADGHAN.
7.115	43	BAHRAM DJOUBINEH APPREND LE RETOUR DE KHOSROU ET ADRESSE UNE LETTRE AUX GRANDS DE L'IRAN.
7.119	43	BAHRAM DJOUBINEH SE MET EN MARCHE CONTRE KHOSROU PARVIZ ET BAT LES ROUMIS.
7.125	43	LES PEHLEWANS DE KHOSROU SE BATTENT CONTRE BAHRAM DJOUBINEH.
7.136	43	TROISIÈME COMBAT DE KHOSROU PARVIZ AVEC BAHRAM DJOUBINEH. DÉFAITE DE BAHRAM.
7.139	43	BAHRAM DJOUBINEH S'ENFOIT DEVANT KHOSROU ET SE REND AUPRÈS DU KHAKAN DE LA CHINE.
7.143	43	LETTRE DE KHOSROU PARVIZ AU KAÏSAR SUR SA VICTOIRE. RÉPONSE DU KAÏSAR.
7.146	43	NEÏATHOUS SE MET EN COLÈRE CONTRE BENDOUÏ. MARIAM FAIT LA PAIX ENTRE EUX.
7.150	43	NEÏATHOUS ET LES ROUMIS REVIENNENT DE L'IRAN AUPRÈS DU KAÏSAR.
7.153	43	LAMENTATION DE FIRDOUSI SUR LA MORT DE SON FILS
7.155	43	CE QUI ARRIVA ENTRE BAHRAM DJOUBINEH ET LE KHAKAN DE LA CHINE
7.158	43	BAHRAM DJOUBINEH TUE MEKATOUREH
7.162	43	UNE BÊTE FAUVE TUE LA FILLE DU KHAKAN
7.166	43	BAHRAM DJOUBINEH TUE LE LION KEPPI
7.169	43	KHOSROU PARVIZ APPREND CE QUE FAIT BAHRAM ET ÉCRIT UNE LETTRE AU KHAKAN
7.173	43	LE KHAKAN DE LA CHINE PRÉPARE UNE ARMÉE
7.174	43	KHOSROU ENVOIE KHARRAD, FILS DE BERZIN, AUPRÈS DU KHAKAN - KHARRAD CONSPIRE LA MORT DE BAHRAM DJOUBINEH
7.181	43	KHARRAD, FILS DE BERZIN, ENVOIE KALOUN AUPRÈS DE BAHRAM DJOUBINEH
7.184	43	MEURTRE DE BAHRAM DJOUBINEH PAR KALOUN
7.190	43	LE KHAKAN APPREND LA MORT DE BAHRAM ET DÉTRUIT LA MAISON ET LA FAMILLE DE KALOUN. ACCUEIL QUE FAIT KHOSROU PARVIZ À KHARRAD
7.192	43	LETTRE DU KHAKAN À GORDIEH, SOEUR DE BAHRAM; RÉPONSE DE GORDIEH.
7.196	43	GORDIEH CONSULTE SES PEHLEWANS ET S'ENFUIT DE MERV
7.199	43	LE KHAKAN ENVOIE THUWURG À LA POURSUITE DE GORDIEI, QUI LE TUE
7.203	43	KHOSROU TUE BENDOUÏ POUR VENGER LA MORT DE SON PÈRE HORMUZD.
7.204	43	GUSTEHEM SE RÉVOLTE CONTRE KHOSROU ET ÉPOUSE Gordieh.
7.208	43	GORDIEH TUE GUSTEHEM À L'INSTIGATION DE KHOSROU PARVIZ ET DE GUERDOUÏ.
7.212	43	LETTRE DE GORDIEH À KHOSROU, QUI LUI OFFRE SA MAIN.
7.214	43	GORDIEH FAIT PREUVE DE SA VALEUR AUPRÈS DE KHOSROU PARVIZ.
7.217	43	COMMENT LA VILLE DE REÏ FUT RUINÉE.
7.221	43	KHOSROU DISTRIBUE LES GOUVERNEMENTS ET ENVOIE DES ARMÉES AUX FRONTIÈRES DE L'IRAN.
7.225	43	SCHIROUŽEH, FILS DE KHOSROU, NAÎT SOUS DE MAUVAIS AUSPICES.
7.227	43	KHOSROU ÉCRIT AU KAÏSAR, QUI LUI RÉPOND EN DEMANDANT LA CROIX DU MESSIE.
7.233	43	KHOSROU PARVIZ RÉPOND À LA LETTRE DU KAÏSAR.
7.239	43	AVENTURES DE KHOSROU PARVIZ ET DE SCHIRIN. COMMENCEMENT DE L'HISTOIRE.
7.240	43	KHOSROU VA À LA CHASSE, REVOIT SCHIRIN ET L'ENVOIE DANS L'APPARTEMENT DE SES FEMMES.
7.244	43	LES GRANDS DONNENT UN CONSEIL AU ROI.
7.247	43	SCHIRIN TUE MARIAM ET KHOSROU MET SCHIROUÏ EN PRISON.
7.249	43	KHOSROU CONSTRUIT LE TRÔNE APPELÉ THAK-DIS.
7.255	43	HISTOIRE DE BARBED LE MUSICIEN.
7.260	43	KHOSROU CONSTRUIT LE PALAIS DE MADAŽN.
7.267	43	SUR LA PUISSANCE DE KHOSROU PARVIZ.
7.269	43	KHOSROU DEVIENT INJUSTE ET L'ARMÉE SE RÉVOLTE.
7.270	43	L'ARMÉE IRANIENNE ABANDONNE KHOSROU ET DÉLIVRE SCHIROUŽEH DE SA PRISON.
7.277	43	LES GRANDS DÉLIVRENT SCHIROUÏEH DE SA PRISON.
7.280	43	KHOSROU APPREND CE QU'A FAIT L'ARMÉE.
7.283	43	KHOSROU PARVIZ DEVIENT LE PRISONNIER DE SON FILS SCHIROUŘEH.
7.288	44	COMMENCEMENT DE L'HISTOIRE.
7.297	44	RÉPONSE DE KHOSROU PARVIZ À KOBAD.
7.315	44	COMPLAINTE DE BARBED SUR KHOSROU.
7.317	44	LES GRANDS RÉCLAMENT DE SCHIROUÏ LA MORT DE KHOSROU. MEURTRE DE KHOSROU PAR MIHR FORMUZD.
7.321	44	HISTOIRE DE SCHIROUÏEU ET DE SCHIRIN, FEMME DE KHOSROU PARVIZ; MEURTRE DE SCHIROUÏEH.
7.329	45	ARDESCHIR, FILS DE SCHIROUÏ, MONTE SUR LE TRÔNE ET ADRESSE UNE ALLOCUTION AUX CHEFS.
7.330	45	GURAZ DÉSAPPROUVE LA PRISE DE POSSESSION DU TRÔNE PAR ARDESCHIR ET LE FAIT ASSASSINER PAR FIROUZ, FILS DE KHOSROU.
7.334	46	GURAZ S'EMPARE DU TRÔNE.
7.338	46	FERAYÎN PERIT DE LA MAIN DE SCHEHRAN GURAZ.
7.347	50	SAAD, FILS DE WAKKAS, ENVAHIT L'IRAN. YEZDEGIRD ENVOIE RUSTEM CONTRE LUI.
7.355	50	LETTRE DE RUSTEM À SAAD, FILS DE WAKKAS.
7.360	50	RÉPONSE DE SAAD, FILS DE WAKKAS, À LA LETTRE DE RUSTEM.
7.361	50	COMBAT ENTRE RUSTEM ET SAAD, FILS DE WAKKAAS. MORT DE RUSTEM.
7.364	50	YEZDEGIRD TIENT CONSEIL AVEC LES IRANIENS ET SE REND DANS LE KHORASAN.
7.371	50	LETTRE DE YEZDEGIRD À MAHOUÏ SOURI ET AUX MERZEBANS DU KHORASAN.
7.377	50	YEZDEGIRD ARRIVE À THOUS, OÙ IL EST REÇU PAR MAHOUÏ SOURI.
7.378	50	MAHOUÏ SOURI EXCITE BIJEN À FAIRE LA GUERRE À YEZDEGIRD; LE ROI SE RÉFUGIE DANS UN MOULIN.
7.392	50	YEZDEGIRD EST ÉGORGÉ PAR LE MEUNIER KHOSROU.
7.398	50	Mahouï Souri MONTE SUR LE TRÔNE.
7.401	50	BIJEN FAIT MARCHER SON ARMÉE CONTRE MAHOUÏ SOURI.
7.404	50	BIJEN LIVRE BATAILLE À MAHOUÏ ET LE TUE.
7.407	50	DATE DE L'ACHÈVEMENT DU LIVRE DES ROIS.
